{"initial_reset_timestamp": 1629964508.8654757, "timestamps": [1629964516.4293468], "episode_lengths": [445], "episode_rewards": [445.0], "episode_types": ["e"]}