{"initial_reset_timestamp": 1631023755.8916328, "timestamps": [1631023760.8383844], "episode_lengths": [287], "episode_rewards": [287.0], "episode_types": ["e"]}