{"initial_reset_timestamp": 1629299973.4302177, "timestamps": [1629299975.002272], "episode_lengths": [179], "episode_rewards": [2.0], "episode_types": ["e"]}