{"initial_reset_timestamp": 1629206713.7867074, "timestamps": [1629206721.229822], "episode_lengths": [433], "episode_rewards": [433.0], "episode_types": ["e"]}