{"initial_reset_timestamp": 1631022494.043745, "timestamps": [1631022499.734829], "episode_lengths": [316], "episode_rewards": [316.0], "episode_types": ["e"]}